80, 15226
80, 11751
80, 6678
80, 7114
96, 12477
96, 6386
96, 27241
96, 7546
112, 16210
112, 6245
112, 6273
112, 9555
128, 12712
128, 6874
128, 7834
128, 6870
144, 6604
144, 12904
144, 7031
144, 6886
160, 13763
160, 6582
160, 6373
160, 8594
176, 6944
176, 12349
176, 6836
176, 7531
192, 13276
192, 7095
192, 6984
192, 6977
208, 7503
208, 31838
208, 9333
208, 7116
224, 7155
224, 7136
224, 21401
224, 7152
240, 8783
240, 8047
240, 7761
240, 11837
256, 7888
256, 7804
256, 11396
256, 10979
272, 11552
272, 15966
272, 8482
272, 12653
288, 18869
288, 8627
288, 8966
288, 7830
304, 7985
304, 8135
304, 7853
304, 7780
320, 7747
320, 9890
320, 13708
320, 22684
336, 7613
336, 16961
336, 7743
336, 7835
352, 22306
352, 7647
352, 16571
352, 7971
368, 9233
368, 8204
368, 8729
368, 8115
384, 8110
384, 16635
384, 7875
384, 7900
400, 21749
400, 7870
400, 15734
400, 9927
416, 8482
416, 10218
416, 8975
416, 14004
432, 8966
432, 8494
432, 8858
432, 8085
448, 8816
448, 28127
448, 8933
448, 9100
464, 9030
464, 28798
464, 17949
464, 9455
480, 16884
480, 18611
480, 9352
480, 17278
496, 9373
496, 18833
496, 11744
496, 19684
512, 18766
512, 22511
512, 17684
512, 26907
528, 20261
528, 18638
528, 29760
528, 10385
544, 10131
544, 12457
544, 16251
544, 20018
560, 10089
560, 9919
560, 15347
560, 12108
576, 17980
576, 13894
576, 26294
576, 17489
592, 11515
592, 9850
592, 12146
592, 19716
608, 21316
608, 15450
608, 9908
608, 12971
624, 11997
624, 20937
624, 10110
624, 17894
640, 20040
640, 10253
640, 21461
640, 20393
656, 9944
656, 27111
656, 10010
656, 14556
672, 10527
672, 10054
672, 13860
672, 19313
688, 10327
688, 9704
688, 21132
688, 30150
704, 11277
704, 11101
704, 15632
704, 18014
720, 18440
720, 15262
720, 11256
720, 10892
736, 11520
736, 11576
736, 11404
736, 11611
752, 11818
752, 11738
752, 14932
752, 27851
768, 11966
768, 14589
768, 11270
768, 11787
784, 17412
784, 11969
784, 16096
784, 12030
800, 12110
800, 12766
800, 22972
800, 23371
816, 13667
816, 11231
816, 11380
816, 18090
832, 11688
832, 17286
832, 11705
832, 11839
848, 11695
848, 21269
848, 11831
848, 11614
864, 11460
864, 11697
864, 14083
864, 17330
880, 21045
880, 12121
880, 30089
880, 11638
896, 26019
896, 21047
896, 13441
896, 15812
912, 18289
912, 11444
912, 11540
912, 11751
928, 20347
928, 12134
928, 12012
928, 15670
944, 11852
944, 14920
944, 12415
944, 18496
960, 15375
960, 15298
960, 13144
960, 17175
976, 13488
976, 12915
976, 12486
976, 14473
992, 14405
992, 25989
992, 30276
992, 14007
1008, 12493
1008, 12261
1008, 12189
1008, 16502
1024, 12097
1024, 13441
1024, 12358
1024, 18789
1040, 12085
1040, 12083
1040, 20867
1040, 18318
1056, 28566
1056, 12042
1056, 11941
1056, 12385
1072, 12314
1072, 12192
1072, 19264
1072, 12540
1088, 17795
1088, 18233
1088, 12187
1088, 13570
1104, 12294
1104, 16638
1104, 16195
1104, 12182
1120, 12462
1120, 12471
1120, 27233
1120, 12356
1136, 12059
1136, 18968
1136, 12227
1136, 12312
1152, 12397
1152, 12179
1152, 17233
1152, 12731
1168, 17159
1168, 16206
1168, 13613
1168, 14272
1184, 24452
1184, 21272
1184, 18508
1184, 18391
1200, 27369
1200, 19190
1200, 39102
1200, 18314
1216, 17975
1216, 14157
1216, 15512
1216, 14034
1232, 46248
1232, 19518
1232, 14409
1232, 21975
1248, 17864
1248, 18282
1248, 23563
1248, 30202
1264, 20982
1264, 14213
1264, 22697
1264, 18209
1280, 14148
1280, 14437
1280, 37163
1280, 14220
1296, 14273
1296, 14926
1296, 23201
1296, 15379
1312, 15053
1312, 15093
1312, 29170
1312, 28240
1328, 14357
1328, 14266
1328, 14453
1328, 15225
1344, 14981
1344, 17743
1344, 28965
1344, 20810
1360, 14544
1360, 14747
1360, 18510
1360, 14839
1376, 18038
1376, 15372
1376, 16559
1376, 19988
1392, 15208
1392, 15138
1392, 16380
1392, 31976
1408, 25476
1408, 36185
1408, 14597
1408, 14379
1424, 15548
1424, 16123
1424, 33094
1424, 15377
1440, 15277
1440, 16220
1440, 21182
1440, 27786
1456, 22228
1456, 16404
1456, 25543
1456, 15941
1472, 23387
1472, 16304
1472, 26422
1472, 16394
1488, 16200
1488, 25245
1488, 16161
1488, 15916
1504, 27920
1504, 16394
1504, 23454
1504, 30259
1520, 16349
1520, 31540
1520, 19714
1520, 15825
1536, 20446
1536, 23507
1536, 16422
1536, 16769
1552, 24874
1552, 16553
1552, 16414
1552, 32841
1568, 16287
1568, 22992
1568, 16810
1568, 16443
1584, 16749
1584, 19838
1584, 16453
1584, 18017
1600, 21319
1600, 26937
1600, 24795
1600, 20695
1616, 16615
1616, 34920
1616, 21156
1616, 16537
1632, 38422
1632, 16994
1632, 18868
1632, 29307
1648, 25904
1648, 16642
1648, 16528
1648, 17846
1664, 15040
1664, 10953
1664, 33857
1664, 15946
1680, 15971
1680, 16970
1680, 46729
1680, 16461
1696, 21404
1696, 18707
1696, 16796
1696, 17750
1712, 18179
1712, 18557
1712, 18707
1712, 18886
1728, 19786
1728, 18913
1728, 25025
1728, 17216
1744, 16905
1744, 12864
1744, 37028
1744, 17509
1760, 39813
1760, 17676
1760, 17720
1760, 18448
1776, 18605
1776, 26725
1776, 18931
1776, 25572
1792, 36661
1792, 22075
1792, 18829
1792, 24353
1808, 24581
1808, 17727
1808, 14927
1808, 12547
1824, 29649
1824, 17550
1824, 28611
1824, 18072
1840, 14230
1840, 14098
1840, 15062
1840, 25430
1856, 18853
1856, 41751
1856, 19337
1856, 22301
1872, 23000
1872, 14535
1872, 17728
1872, 18076
1888, 18612
1888, 18793
1888, 22409
1888, 27961
1904, 18624
1904, 19701
1904, 26648
1904, 18661
1920, 29973
1920, 18922
1920, 33307
1920, 19029
1936, 18973
1936, 18715
1936, 25432
1936, 19791
1952, 22899
1952, 18753
1952, 37913
1952, 25319
1968, 19954
1968, 23495
1968, 28999
1968, 27504
1984, 19694
1984, 25628
1984, 35282
1984, 19602
2000, 19210
2000, 20696
2000, 15585
2000, 19173
2016, 28979
2016, 17586
2016, 28219
2016, 26516
2032, 15826
2032, 28213
2032, 19310
2032, 28439
2048, 19691
2048, 23147
2048, 38230
2048, 19834
2064, 20005
2064, 28355
2064, 22839
2064, 19804
2080, 20737
2080, 21048
2080, 22815
2080, 21734
2096, 21444
2096, 21581
2096, 21673
2096, 21536
2112, 29956
2112, 20700
2112, 16023
2112, 20541
2128, 13051
2128, 25948
2128, 26700
2128, 19448
2144, 19046
2144, 20109
2144, 19866
2144, 22176
2160, 22760
2160, 22071
2160, 22085
2160, 27692
2176, 21525
2176, 20558
2176, 29528
2176, 15364
2192, 17103
2192, 14066
2192, 27529
2192, 19484
2208, 20531
2208, 21803
2208, 28816
2208, 20361
2224, 21117
2224, 24288
2224, 23039
2224, 35160
2240, 28968
2240, 32948
2240, 25377
2240, 27030
2256, 21027
2256, 21072
2256, 21954
2256, 63436
2272, 28150
2272, 20810
2272, 24254
2272, 34504
2288, 21692
2288, 44499
2288, 26097
2288, 20689
2304, 19038
2304, 13645
2304, 13338
2304, 16995
2320, 18765
2320, 19895
2320, 29557
2320, 20954
2336, 20673
2336, 21934
2336, 21335
2336, 15856
2352, 15301
2352, 14793
2352, 14651
2352, 14483
2368, 14360
2368, 14470
2368, 14637
2368, 16273
2384, 17239
2384, 20511
2384, 14936
2384, 29476
2400, 16575
2400, 20694
2400, 21315
2400, 30095
2416, 22085
2416, 26168
2416, 36259
2416, 21496
2432, 20928
2432, 22488
2432, 27741
2432, 36583
2448, 26943
2448, 21498
2448, 21487
2448, 16983
2464, 14869
2464, 14989
2464, 14807
2464, 14964
2480, 13960
2480, 13957
2480, 15120
2480, 23509
2496, 24982
2496, 29827
2496, 17515
2496, 18456
2512, 12946
2512, 30120
2512, 21745
2512, 22254
2528, 14183
2528, 14160
2528, 14341
2528, 14699
2544, 15047
2544, 14912
2544, 14851
2544, 15631
2560, 14383
2560, 22636
2560, 34898
2560, 21687
2576, 20709
2576, 14951
2576, 14605
2576, 14349
2592, 17231
2592, 14592
2592, 24612
2592, 13886
2608, 17147
2608, 27037
2608, 19473
2608, 22412
2624, 21135
2624, 15722
2624, 24257
2624, 19170
2640, 24146
2640, 13589
2640, 42735
2640, 21867
2656, 22867
2656, 17704
2656, 14739
2656, 18219
2672, 17644
2672, 14167
2672, 14126
2672, 14168
2688, 16157
2688, 15027
2688, 14849
2688, 14763
2704, 14594
2704, 18158
2704, 14463
2704, 23037
2720, 40807
2720, 23250
2720, 23728
2720, 24010
2736, 15698
2736, 16484
2736, 15070
2736, 15668
2752, 14732
2752, 15586
2752, 14586
2752, 14902
2768, 15257
2768, 15227
2768, 15112
2768, 18112
2784, 15731
2784, 18957
2784, 15163
2784, 19968
2800, 25882
2800, 41737
2800, 24876
2800, 29000
2816, 16373
2816, 16574
2816, 14971
2816, 24215
2832, 26135
2832, 22361
2832, 23757
2832, 27997
2848, 15939
2848, 15524
2848, 16016
2848, 20761
2864, 18541
2864, 16523
2864, 19237
2864, 17546
2880, 16229
2880, 18024
2880, 16329
2880, 16080
2896, 15608
2896, 31000
2896, 30019
2896, 14529
2912, 14443
2912, 22884
2912, 14487
2912, 45767
2928, 24349
2928, 25195
2928, 40887
2928, 24198
2944, 24613
2944, 33853
2944, 28868
2944, 46786
2960, 24412
2960, 24816
2960, 18116
2960, 16517
2976, 16537
2976, 16476
2976, 16278
2976, 17352
2992, 16507
2992, 16564
2992, 17784
2992, 18043
3008, 16687
3008, 16929
3008, 16095
3008, 18804
3024, 19054
3024, 16284
3024, 20039
3024, 15729
3040, 26314
3040, 15432
3040, 31074
3040, 27735
3056, 21040
3056, 35310
3056, 28658
3056, 25173
3072, 21671
3072, 15688
3072, 18289
3072, 14956
3088, 13395
3088, 13841
3088, 16246
3088, 16883
3104, 17015
3104, 17735
3104, 17089
3104, 16749
3120, 17430
3120, 17484
3120, 18133
3120, 16890
3136, 16795
3136, 17331
3136, 18440
3136, 16870
3152, 16880
3152, 18122
3152, 16747
3152, 16986
3168, 18037
3168, 16868
3168, 17152
3168, 20155
3184, 16150
3184, 15892
3184, 17376
3184, 16928
3200, 16731
3200, 16920
3200, 16821
3200, 17466
3216, 16936
3216, 17461
3216, 16839
3216, 18375
3232, 16740
3232, 17690
3232, 17262
3232, 19849
3248, 16060
3248, 16236
3248, 16720
3248, 20170
3264, 17048
3264, 17110
3264, 16900
3264, 16841
3280, 18840
3280, 16863
3280, 18209
3280, 17028
3296, 16885
3296, 16939
3296, 17370
3296, 17474
3312, 17957
3312, 17948
3312, 18467
3312, 26922
3328, 36447
3328, 27488
3328, 37135
3328, 29152
3344, 20985
3344, 18232
3344, 17277
3344, 17368
3360, 17636
3360, 17621
3360, 17698
3360, 17590
3376, 17518
3376, 17615
3376, 18140
3376, 17634
3392, 18092
3392, 17793
3392, 17489
3392, 18020
3408, 19310
3408, 30330
3408, 36579
3408, 28504
3424, 18605
3424, 23239
3424, 26532
3424, 27864
3440, 16040
3440, 22230
3440, 28785
3440, 24419
3456, 16538
3456, 21104
3456, 27498
3456, 18837
3472, 21454
3472, 23406
3472, 21959
3472, 20583
3488, 20000
3488, 17899
3488, 16187
3488, 14283
3504, 13760
3504, 14231
3504, 18445
3504, 20149
3520, 19427
3520, 17929
3520, 18691
3520, 18850
3536, 18429
3536, 18207
3536, 18723
3536, 18634
3552, 19479
3552, 19384
3552, 19173
3552, 19187
3568, 19388
3568, 19129
3568, 19176
3568, 19260
3584, 19461
3584, 20205
3584, 19918
3584, 17681
3600, 39629
3600, 27741
3600, 9990
3600, 9996
3616, 9353
3616, 9391
3616, 13676
3616, 15251
3632, 14064
3632, 13599
3632, 30618
3632, 17769
3648, 25460
3648, 21751
3648, 28067
3648, 25688
3664, 22418
3664, 34872
3664, 11208
3664, 10342
3680, 10036
3680, 9860
3680, 14669
3680, 15539
3696, 17190
3696, 31653
3696, 31301
3696, 34891
3712, 31638
3712, 29046
3712, 22114
3712, 19482
3728, 19224
3728, 20299
3728, 22585
3728, 17416
3744, 14656
3744, 14319
3744, 14341
3744, 14128
3760, 14106
3760, 14066
3760, 15255
3760, 14352
3776, 20820
3776, 18102
3776, 20205
3776, 14388
3792, 14548
3792, 14677
3792, 14762
3792, 14806
3808, 14234
3808, 14603
3808, 21855
3808, 24315
3824, 18973
3824, 24313
3824, 18733
3824, 18597
3840, 18881
3840, 18572
3840, 18537
3840, 19087
3856, 15568
3856, 14941
3856, 19955
3856, 27512
3872, 22007
3872, 22226
3872, 18804
3872, 18894
3888, 20080
3888, 22632
3888, 18871
3888, 14639
3904, 14717
3904, 18482
3904, 19017
3904, 18948
3920, 22567
3920, 20112
3920, 17103
3920, 15362
3936, 15637
3936, 22140
3936, 20239
3936, 22336
3952, 20218
3952, 19908
3952, 20306
3952, 19764
3968, 24352
3968, 19233
3968, 22068
3968, 28260
3984, 28655
3984, 35267
3984, 22466
3984, 24993
4000, 19483
4000, 20262
4000, 21291
4000, 19776
4016, 19727
4016, 20619
4016, 20137
4016, 20888
4032, 20178
4032, 20584
4032, 20741
4032, 21477
4048, 21317
4048, 20830
4048, 20400
4048, 20711
4064, 21259
4064, 22574
4064, 20742
4064, 20789
4080, 21961
4080, 21025
4080, 20470
4080, 20700
4096, 24150
4096, 18972
4096, 19169
4096, 19909
4112, 18810
4112, 15951
4112, 15674
4112, 19526
4128, 21235
4128, 20036
4128, 22751
4128, 21661
4144, 25237
4144, 35635
4144, 27125
4144, 50823
4160, 33065
4160, 19818
4160, 31907
4160, 26237
4176, 19179
4176, 19225
4176, 19931
4176, 21164
4192, 20058
4192, 21608
4192, 21110
4192, 20822
4208, 18122
4208, 16660
4208, 15971
4208, 25556
4224, 19531
4224, 19750
4224, 18261
4224, 15702
4240, 15832
4240, 19553
4240, 36468
4240, 19773
4256, 19534
4256, 20357
4256, 21025
4256, 21331
4272, 19978
4272, 15522
4272, 14751
4272, 14841
4288, 14889
4288, 17259
4288, 15766
4288, 15128
4304, 14885
4304, 16063
4304, 19493
4304, 20054
4320, 18680
4320, 16065
4320, 15730
4320, 19610
4336, 20106
4336, 22193
4336, 21715
4336, 21122
4352, 21264
4352, 18179
4352, 16785
4352, 16079
4368, 25454
4368, 25169
4368, 20471
4368, 20436
4384, 21123
4384, 20928
4384, 21017
4384, 18386
4400, 16714
4400, 16244
4400, 28418
4400, 20470
4416, 30650
4416, 44582
4416, 35317
4416, 23287
4432, 21755
4432, 21135
4432, 23028
4432, 22811
4448, 21256
4448, 21295
4448, 22983
4448, 22170
4464, 21612
4464, 21552
4464, 22464
4464, 20442
4480, 20775
4480, 17349
4480, 17773
4480, 16928
4496, 16874
4496, 16576
4496, 16199
4496, 16259
4512, 16541
4512, 20946
4512, 21467
4512, 21451
4528, 21358
4528, 45496
4528, 33522
4528, 41663
4544, 33759
4544, 14146
4544, 10678
4544, 11350
4560, 13528
4560, 12950
4560, 13175
4560, 14700
4576, 15713
4576, 15700
4576, 15824
4576, 15767
4592, 16191
4592, 16712
4592, 16694
4592, 17872
4608, 22859
4608, 21824
4608, 24339
4608, 23723
4624, 23559
4624, 25090
4624, 23394
4624, 23259
4640, 23305
4640, 22730
4640, 22453
4640, 23319
4656, 22598
4656, 22589
4656, 22489
4656, 23628
4672, 21007
4672, 19051
4672, 17836
4672, 18765
4688, 22517
4688, 22716
4688, 23149
4688, 19217
4704, 16242
4704, 16744
4704, 16346
4704, 17187
4720, 17036
4720, 21234
4720, 39667
4720, 31624
4736, 38000
4736, 24625
4736, 22707
4736, 19422
4752, 19320
4752, 17889
4752, 19207
4752, 26722
4768, 41362
4768, 35195
4768, 25438
4768, 22638
4784, 22525
4784, 24208
4784, 23391
4784, 20472
4800, 18133
4800, 18243
4800, 18441
4800, 22329
4816, 28569
4816, 22777
4816, 22351
4816, 22940
4832, 22451
4832, 23217
4832, 24563
4832, 20614
4848, 19809
4848, 21102
4848, 48492
4848, 43704
4864, 32091
4864, 30097
4864, 13584
4864, 12307
4880, 11703
4880, 13600
4880, 13394
4880, 14164
4896, 17948
4896, 15592
4896, 16684
4896, 18598
4912, 21731
4912, 29474
4912, 45190
4912, 22163
4928, 17348
4928, 16302
4928, 15723
4928, 15986
4944, 16315
4944, 16261
4944, 17556
4944, 16810
4960, 17268
4960, 21766
4960, 24779
4960, 22866
4976, 19833
4976, 18173
4976, 16487
4976, 16454
4992, 16775
4992, 18143
4992, 19793
4992, 41251
5008, 35944
5008, 34172
5008, 33239
5008, 34360
5024, 26344
5024, 29949
5024, 29354
5024, 38153
5040, 36453
5040, 42996
5040, 22186
5040, 22949
5056, 23397
5056, 22869
5056, 30001
5056, 24937
5072, 19209
5072, 17382
5072, 17394
5072, 16787
5088, 19100
5088, 22687
5088, 23803
5088, 22468
5104, 22953
5104, 23603
5104, 23104
5104, 18650
5120, 18413
5120, 17837
5120, 33320
5120, 27497
5136, 38519
5136, 27101
5136, 21097
5136, 19080
5152, 22026
5152, 17858
5152, 17562
5152, 17239
5168, 17495
5168, 17659
5168, 17545
5168, 17491
5184, 18409
5184, 22594
5184, 23344
5184, 26931
5200, 24358
5200, 19176
5200, 21107
5200, 19200
5216, 21169
5216, 24251
5216, 24386
5216, 23281
5232, 20500
5232, 21175
5232, 25216
5232, 25509
5248, 22439
5248, 20287
5248, 23284
5248, 34163
5264, 38625
5264, 36075
5264, 24458
5264, 17673
5280, 24186
5280, 17122
5280, 17146
5280, 17814
5296, 17707
5296, 17569
5296, 17791
5296, 18298
5312, 17813
5312, 17889
5312, 18273
5312, 18702
5328, 26496
5328, 39616
5328, 34059
5328, 33277
5344, 28482
5344, 25123
5344, 23882
5344, 20963
5360, 19147
5360, 19554
5360, 21615
5360, 24943
5376, 42196
5376, 30756
5376, 27820
5376, 25742
5392, 18440
5392, 17992
5392, 18184
5392, 18483
5408, 36448
5408, 28323
5408, 24068
5408, 19977
5424, 17800
5424, 17912
5424, 18377
5424, 23049
5440, 25121
5440, 24392
5440, 21835
5440, 18948
5456, 19108
5456, 24090
5456, 24751
5456, 24433
5472, 31901
5472, 53911
5472, 37215
5472, 31948
5488, 12432
5488, 12516
5488, 12393
5488, 14592
5504, 14577
5504, 15391
5504, 17452
5504, 17735
5520, 17857
5520, 18046
5520, 18845
5520, 18791
5536, 23708
5536, 24649
5536, 24815
5536, 25517
5552, 21923
5552, 20339
5552, 21735
5552, 24768
5568, 26420
5568, 22853
5568, 19936
5568, 20007
5584, 25488
5584, 25941
5584, 25588
5584, 25730
5600, 21832
5600, 21114
5600, 25122
5600, 26229
5616, 27570
5616, 26866
5616, 28873
5616, 28216
5632, 25970
5632, 21967
5632, 20132
5632, 20074
5648, 24654
5648, 25003
5648, 25421
5648, 25987
5664, 20217
5664, 18099
5664, 18078
5664, 18266
5680, 18139
5680, 18588
5680, 23105
5680, 18739
5696, 18114
5696, 19025
5696, 32137
5696, 24270
5712, 29905
5712, 18151
5712, 18117
5712, 19292
5728, 19283
5728, 19316
5728, 43511
5728, 24456
5744, 22466
5744, 20813
5744, 18560
5744, 18853
5760, 27724
5760, 40802
5760, 37888
5760, 53718
5776, 27555
5776, 13037
5776, 12323
5776, 12567
5792, 14934
5792, 14920
5792, 15544
5792, 20477
5808, 20051
5808, 21236
5808, 19445
5808, 19219
5824, 18809
5824, 21879
5824, 43780
5824, 28557
5840, 26567
5840, 20667
5840, 19078
5840, 19075
5856, 19131
5856, 24668
5856, 38634
5856, 47327
5872, 30598
5872, 28585
5872, 26843
5872, 25707
5888, 20364
5888, 20251
5888, 20332
5888, 25159
5904, 28352
5904, 22741
5904, 20967
5904, 23691
5920, 26886
5920, 26934
5920, 24541
5920, 19441
5936, 24495
5936, 26184
5936, 26948
5936, 28688
5952, 28174
5952, 27949
5952, 21211
5952, 20092
5968, 19610
5968, 22355
5968, 28266
5968, 29007
5984, 51072
5984, 35248
5984, 28054
5984, 31429
6000, 28136
6000, 21978
6000, 19516
6000, 20406
6016, 20314
6016, 21275
6016, 22895
6016, 31577
6032, 33004
6032, 43764
6032, 34587
6032, 24698
6048, 28125
6048, 20874
6048, 19451
6048, 19389
6064, 19583
6064, 19944
6064, 21044
6064, 20970
6080, 21888
6080, 26492
6080, 29372
6080, 22252
6096, 21472
6096, 27285
6096, 27780
6096, 25108
6112, 20998
6112, 24243
6112, 27636
6112, 27804
6128, 28461
6128, 27635
6128, 27453
6128, 21640
6144, 21256
6144, 21264
6144, 19829
6144, 19920
6160, 25228
6160, 27308
6160, 25196
6160, 21474
6176, 23533
6176, 27665
6176, 27864
6176, 21574
6192, 21508
6192, 25912
6192, 27126
6192, 24245
6208, 21011
6208, 19664
6208, 20794
6208, 28369
6224, 27770
6224, 29804
6224, 28065
6224, 19585
6240, 20383
6240, 23396
6240, 27494
6240, 28540
6256, 22631
6256, 19554
6256, 20360
6256, 21819
6272, 25266
6272, 27621
6272, 27804
6272, 28075
6288, 26885
6288, 19587
6288, 20032
6288, 20710
6304, 33887
6304, 26497
6304, 20719
6304, 19649
6320, 21727
6320, 22819
6320, 19975
6320, 20585
6336, 29753
6336, 28592
6336, 28490
6336, 30637
6352, 27772
6352, 28322
6352, 29870
6352, 27902
6368, 36706
6368, 31272
6368, 32600
6368, 22678
6384, 20100
6384, 18813
6384, 17718
6384, 17118
6400, 19919
6400, 19832
6400, 29200
6400, 27724
6416, 22300
6416, 21742
6416, 20932
6416, 25257
6432, 30114
6432, 23574
6432, 24212
6432, 38416
6448, 26727
6448, 21502
6448, 19702
6448, 20161
6464, 18607
6464, 20070
6464, 17892
6464, 18857
6480, 20899
6480, 21005
6480, 20776
6480, 27153
6496, 27843
6496, 23585
6496, 21008
6496, 20931
6512, 20486
6512, 18810
6512, 18126
6512, 18253
6528, 22814
6528, 21093
6528, 21926
6528, 25675
6544, 33731
6544, 27061
6544, 22529
6544, 21214
6560, 19335
6560, 19558
6560, 20350
6560, 17329
6576, 20291
6576, 21104
6576, 19453
6576, 19511
6592, 17615
6592, 17388
6592, 20691
6592, 21689
6608, 21593
6608, 19520
6608, 18841
6608, 20746
6624, 21265
6624, 27206
6624, 29711
6624, 23612
6640, 21225
6640, 18954
6640, 19903
6640, 21253
6656, 18891
6656, 21068
6656, 21545
6656, 21260
6672, 22723
6672, 29199
6672, 30297
6672, 24042
6688, 24842
6688, 36114
6688, 44237
6688, 40381
6704, 26976
6704, 22093
6704, 20579
6704, 18877
6720, 16967
6720, 16948
6720, 21375
6720, 21228
6736, 22869
6736, 25640
6736, 31138
6736, 27391
6752, 21331
6752, 21291
6752, 21224
6752, 22615
6768, 30579
6768, 29443
6768, 29220
6768, 22534
6784, 21151
6784, 34844
6784, 31919
6784, 24874
6800, 22412
6800, 19988
6800, 18249
6800, 18307
6816, 21778
6816, 22054
6816, 22860
6816, 37659
6832, 37359
6832, 39978
6832, 30791
6832, 34721
6848, 38119
6848, 29072
6848, 23725
6848, 21566
6864, 32355
6864, 45965
6864, 37616
6864, 39011
6880, 28975
6880, 24198
6880, 24564
6880, 32745
6896, 33411
6896, 34992
6896, 23514
6896, 21358
6912, 21893
6912, 22166
6912, 24261
6912, 29861
6928, 48229
6928, 43884
6928, 27692
6928, 22169
6944, 22118
6944, 34841
6944, 29335
6944, 21743
6960, 21744
6960, 23201
6960, 20650
6960, 19052
6976, 18384
6976, 19699
6976, 22321
6976, 22491
6992, 32534
6992, 33752
6992, 25063
6992, 22676
7008, 30636
7008, 25814
7008, 22025
7008, 22388
7024, 23011
7024, 23993
7024, 57892
7024, 48176
7040, 36306
7040, 33625
7040, 46792
7040, 32030
7056, 17665
7056, 14781
7056, 18528
7056, 19948
7072, 20504
7072, 22190
7072, 22207
7072, 22493
7088, 22296
7088, 22636
7088, 30654
7088, 31420
7104, 24883
7104, 27910
7104, 30457
7104, 24067
7120, 31556
7120, 31664
7120, 34451
7120, 26099
7136, 24031
7136, 31170
7136, 35605
7136, 43257
7152, 42028
7152, 30359
7152, 23511
7152, 23515
7168, 21689
7168, 18951
7168, 18898
7168, 19673
7184, 23076
7184, 31654
7184, 45066
7184, 44404
7200, 41820
7200, 28334
7200, 32269
7200, 21344
7216, 22158
7216, 21323
7216, 22616
7216, 24455
7232, 41935
7232, 49402
7232, 37686
7232, 31018
7248, 32349
7248, 25008
7248, 21920
7248, 20054
7264, 18690
7264, 18811
7264, 23099
7264, 22834
7280, 21022
7280, 19577
7280, 19519
7280, 21257
7296, 23895
7296, 29972
7296, 32006
7296, 24696
7312, 22491
7312, 22218
7312, 19357
7312, 18980
7328, 21173
7328, 20264
7328, 22508
7328, 22399
7344, 28515
7344, 52608
7344, 43480
7344, 28679
7360, 22615
7360, 21809
7360, 29071
7360, 42749
7376, 37375
7376, 29045
7376, 22589
7376, 22095
7392, 18396
7392, 18518
7392, 18894
7392, 19169
7408, 23762
7408, 22919
7408, 25356
7408, 45918
7424, 29061
7424, 29024
7424, 22095
7424, 22963
7440, 19964
7440, 19034
7440, 19804
7440, 22946
7456, 25814
7456, 34168
7456, 24510
7456, 22854
7472, 23835
7472, 21145
7472, 20181
7472, 20534
7488, 25704
7488, 23987
7488, 33078
7488, 25160
7504, 23269
7504, 20181
7504, 20665
7504, 20839
7520, 23550
7520, 24202
7520, 25841
7520, 31243
7536, 31395
7536, 23796
7536, 26502
7536, 46852
7552, 26158
7552, 24767
7552, 31618
7552, 34172
7568, 22905
7568, 22926
7568, 23132
7568, 24130
7584, 24011
7584, 31711
7584, 32539
7584, 30984
7600, 32312
7600, 25876
7600, 24831
7600, 22804
7616, 22804
7616, 23711
7616, 21199
7616, 19824
7632, 19619
7632, 20519
7632, 23294
7632, 30648
7648, 30437
7648, 16172
7648, 14633
7648, 14945
7664, 20810
7664, 21631
7664, 22826
7664, 24101
7680, 30397
7680, 28936
7680, 14706
7680, 14604
7696, 16554
7696, 18616
7696, 19199
7696, 21206
7712, 23178
7712, 26779
7712, 64013
7712, 33940
7728, 25550
7728, 26281
7728, 33452
7728, 34554
7744, 34445
7744, 33081
7744, 27264
7744, 25870
7760, 46630
7760, 34518
7760, 22901
7760, 23528
7776, 22917
7776, 23394
7776, 24577
7776, 52671
7792, 49071
7792, 38087
7792, 23084
7792, 26019
7808, 46391
7808, 33222
7808, 25481
7808, 23385
7824, 24136
7824, 19810
7824, 18954
7824, 19656
7840, 20734
7840, 25160
7840, 32908
7840, 48727
7856, 33050
7856, 22935
7856, 26630
7856, 36070
7872, 25382
7872, 23156
7872, 33293
7872, 34542
7888, 32233
7888, 25705
7888, 23058
7888, 25174
7904, 20884
7904, 22342
7904, 19995
7904, 25079
7920, 24214
7920, 24370
7920, 22517
7920, 20453
7936, 23003
7936, 24589
7936, 31644
7936, 33102
7952, 24085
7952, 23840
7952, 23963
7952, 29778
7968, 43117
7968, 23463
7968, 23270
7968, 31089
7984, 42806
7984, 14649
7984, 14768
7984, 25295
8000, 18781
8000, 19306
8000, 29516
8000, 23618
8016, 23181
8016, 26780
8016, 52682
8016, 33936
8032, 25422
8032, 32389
8032, 57222
8032, 47790
8048, 39119
8048, 38924
8048, 52993
8048, 40677
8064, 35496
8064, 27258
8064, 25601
8064, 33920
8080, 30028
8080, 23765
8080, 34412
8080, 32867
8096, 25002
8096, 24015
8096, 21280
8096, 20737
8112, 20728
8112, 24263
8112, 25227
8112, 25228
8128, 26691
8128, 36914
8128, 24828
8128, 24407
8144, 25757
8144, 39866
8144, 31081
8144, 15572
8160, 15938
8160, 27460
8160, 19987
8160, 24962
8176, 32968
8176, 35915
8176, 25525
8176, 26760
8192, 31039
8192, 34640
8192, 25831
8192, 23786
8208, 22492
8208, 20663
8208, 21839
8208, 24506
8224, 25143
8224, 25906
8224, 25575
8224, 34708
8240, 31560
8240, 24790
8240, 24238
8240, 21746
8256, 20157
8256, 20724
8256, 22474
8256, 34365
8272, 33842
8272, 28939
8272, 24980
8272, 27042
8288, 24826
8288, 21437
8288, 22348
8288, 22503
8304, 27613
8304, 27143
8304, 32097
8304, 41958
8320, 39371
8320, 33265
8320, 28295
8320, 24789
8336, 39867
8336, 44089
8336, 36095
8336, 25039
8352, 24271
8352, 26813
8352, 33979
8352, 26000
8368, 24468
8368, 24580
8368, 30256
8368, 34771
8384, 27211
8384, 35653
8384, 34278
8384, 26282
8400, 26119
8400, 27535
8400, 33906
8400, 35501
8416, 27062
8416, 24679
8416, 32018
8416, 34687
8432, 25369
8432, 24735
8432, 20746
8432, 20865
8448, 21478
8448, 18159
8448, 17639
8448, 20079
8464, 20238
8464, 20519
8464, 19331
8464, 18318
8480, 18907
8480, 20759
8480, 20681
8480, 20835
8496, 24563
8496, 28184
8496, 25843
8496, 59963
8512, 32474
8512, 24513
8512, 24688
8512, 24568
8528, 24729
8528, 21874
8528, 21050
8528, 23363
8544, 26334
8544, 29444
8544, 33165
8544, 17432
8560, 16103
8560, 16393
8560, 19580
8560, 17642
8576, 20758
8576, 20392
8576, 21882
8576, 25200
8592, 33693
8592, 33577
8592, 24932
8592, 28594
8608, 42338
8608, 27204
8608, 24036
8608, 25951
8624, 21142
8624, 22629
8624, 20780
8624, 26024
8640, 27850
8640, 37744
8640, 27626
8640, 15734
8656, 14921
8656, 19572
8656, 20156
8656, 24959
8672, 25538
8672, 27597
8672, 33201
8672, 32525
8688, 34544
8688, 24216
8688, 22345
8688, 24642
8704, 25876
8704, 25954
8704, 31242
8704, 35844
8720, 27108
8720, 26721
8720, 33965
8720, 35672
8736, 27713
8736, 25914
8736, 25992
8736, 24314
8752, 21990
8752, 25804
8752, 34653
8752, 41191
8768, 36691
8768, 25773
8768, 25675
8768, 24918
8784, 23229
8784, 24746
8784, 25948
8784, 25799
8800, 30247
8800, 35764
8800, 29746
8800, 26611
8816, 35328
8816, 57858
8816, 55764
8816, 39150
8832, 32611
8832, 29883
8832, 25514
8832, 31490
8848, 34192
8848, 27428
8848, 30846
8848, 35837
8864, 27288
8864, 29534
8864, 26564
8864, 31423
8880, 34363
8880, 26266
8880, 32964
8880, 51219
8896, 34951
8896, 27485
8896, 30791
8896, 35074
8912, 16507
8912, 15517
8912, 15960
8912, 18392
8928, 20751
8928, 24104
8928, 25716
8928, 26190
8944, 33784
8944, 34232
8944, 26543
8944, 26728
8960, 35895
8960, 40820
8960, 26888
8960, 25983
8976, 25926
8976, 26523
8976, 22164
8976, 25138
8992, 26575
8992, 34503
8992, 38555
8992, 15862
9008, 15858
9008, 18579
9008, 20931
9008, 22562
9024, 26005
9024, 32361
9024, 47400
9024, 26189
9040, 26254
9040, 26216
9040, 28089
9040, 27480
9056, 40208
9056, 34593
9056, 19041
9056, 17497
9072, 22089
9072, 21901
9072, 26598
9072, 26934
9088, 23725
9088, 23348
9088, 28172
9088, 30851
9104, 36038
9104, 31109
9104, 26152
9104, 29430
9120, 28247
9120, 22369
9120, 22140
9120, 27838
9136, 27785
9136, 23537
9136, 22219
9136, 24331
9152, 26500
9152, 26503
9152, 22596
9152, 22627
9168, 28664
9168, 26339
9168, 23114
9168, 23015
9184, 21646
9184, 20245
9184, 20554
9184, 22473
9200, 27055
9200, 27313
9200, 26773
9200, 22547
9216, 22957
9216, 28887
9216, 34723
9216, 37668
9232, 38824
9232, 27134
9232, 26517
9232, 22930
9248, 22652
9248, 25358
9248, 27397
9248, 27330
9264, 51244
9264, 59786
9264, 28290
9264, 18696
9280, 18576
9280, 20108
9280, 21694
9280, 21675
9296, 21895
9296, 27577
9296, 27589
9296, 34069
9312, 37050
9312, 32749
9312, 37679
9312, 39853
9328, 27778
9328, 26642
9328, 22292
9328, 22312
9344, 21194
9344, 23909
9344, 22541
9344, 22594
9360, 25312
9360, 29340
9360, 28937
9360, 29041
9376, 28714
9376, 28885
9376, 29871
9376, 28960
9392, 27182
9392, 23588
9392, 22774
9392, 27352
9408, 35685
9408, 36882
9408, 17749
9408, 17149
9424, 21820
9424, 22490
9424, 27466
9424, 30026
9440, 25920
9440, 22798
9440, 27920
9440, 30808
9456, 28391
9456, 31121
9456, 39247
9456, 29670
9472, 28371
9472, 36778
9472, 37311
9472, 27036
9488, 27245
9488, 22396
9488, 25387
9488, 29320
9504, 28847
9504, 35833
9504, 35840
9504, 16938
9520, 16957
9520, 21451
9520, 24375
9520, 26663
9536, 27311
9536, 25535
9536, 25924
9536, 28059
9552, 28572
9552, 27421
9552, 30129
9552, 27843
9568, 23269
9568, 22635
9568, 25730
9568, 28898
9584, 41170
9584, 38391
9584, 18777
9584, 18138
9600, 22695
9600, 22506
9600, 27600
9600, 27291
9616, 22993
9616, 23296
9616, 28615
9616, 28395
9632, 25836
9632, 26383
9632, 29774
9632, 29029
9648, 35878
9648, 36974
9648, 16740
9648, 16833
9664, 19114
9664, 19549
9664, 21815
9664, 22466
9680, 25495
9680, 31920
9680, 25578
9680, 24795
9696, 29561
9696, 40853
9696, 37334
9696, 18841
9712, 16085
9712, 32193
9712, 22213
9712, 26914
9728, 27868
9728, 23019
9728, 35286
9728, 28354
9744, 27518
9744, 22944
9744, 27865
9744, 28937
9760, 26384
9760, 22987
9760, 31680
9760, 28091
9776, 30263
9776, 29025
9776, 29507
9776, 26128
9792, 25179
9792, 30077
9792, 32941
9792, 39127
9808, 31632
9808, 36696
9808, 47632
9808, 28173
9824, 29858
9824, 60580
9824, 33256
9824, 16300
9840, 16400
9840, 21847
9840, 22875
9840, 28221
9856, 42429
9856, 34429
9856, 16369
9856, 16787
9872, 19631
9872, 20244
9872, 21858
9872, 24686
9888, 32349
9888, 27717
9888, 23006
9888, 24408
9904, 30092
9904, 29226
9904, 29781
9904, 26914
9920, 28930
9920, 26279
9920, 25081
9920, 30134
9936, 29100
9936, 29907
9936, 29265
9936, 32294
9952, 29836
9952, 29190
9952, 29684
9952, 30598
9968, 29996
9968, 29573
9968, 30418
9968, 30150
9984, 29494
9984, 30151
9984, 35830
9984, 49142
10000, 65686
10000, 28423
10000, 36539
10000, 40290
